amount,title
"15,000",Samsung Galaxy A11 32GB|2GB – Dual SIM
"22,299",Samsung Galaxy A21s 64GB|4GB – Dual SIM
"10,000",Samsung Galaxy A3 Core 16GB|1GB – Dual SIM
"28,000",Samsung Galaxy A31 128GB|4GB – Dual SIM
"32,999",Samsung Galaxy A51 128GB|4GB – Dual SIM
"45,299",Samsung Galaxy A71 128GB|6GB – Dual SIM
"13,999",Samsung Galaxy Buds Live
"18,000",Samsung Galaxy M11 32GB|3GB – Dual SIM
"117,999",Samsung Galaxy Note 20 Ultra 256GB|8GB – Dual SIM
"64,999",Samsung Galaxy S20 FE 128GB|6GB – Dual SIM
"18,000",Samsung Galaxy Tab A 8.0″ 2019 32GB|2GB
"50,000",Samsung Galaxy Tab S6 Lite 64GB|4GB
"70,000",OnePlus Nord 5G 256GB|12GB
"15,999",Realme C15 – Dual SIM
"14,000",Lenovo Tab E7 – 7.0″ – 16GB|1GB
"13,999",VIVO Y11 32GB|3GB – Dual SIM
"235,000",Samsung Galaxy Z Fold 2 5G – 256GB|12GB
"11,000",Huawei Y5p 32GB|2GB
"39,000",BlackBerry Evolve 64GB|4GB – Dual SIM
"8,000",Nokia 5310 Dual SIM
"8,000",JBL Clip 3
"36,999",Apple Watch SE – GPS
"38,000",Bose QuietComfort 35 wireless headphones II
"12,000",Realme C11 32GB|2GB – Dual SIM
"14,999",Bose Soundsport Wireless Headphone
"5,000",JBL Tune 110BT
"13,499",JBL Charge 4
"10,000",JBL Tune 600BTNC
"29,000",TCL 40″ | 40S68A Frame-Less FHD | Smart Android | LED TV
"75,000",JBL Bar 5.1 Surround
"36,999",iPhone 7 32GB
"17,000",Xiaomi Redmi 9c 32GB|2GB
"60,000",PlayStation 4 Pro 1TB Console
"35,000",Realme 6 128GB|8GB – Dual SIM
"68,000",JBL Partybox 300
"12,499",Nokia 2.4 Dual SIM
